1,Errick,Heighway,eheighway0@acquirethisname.com,1047 South Center,CY40 8309 5133 OBVW HGZ7 KG6A DZRM,"$68,815.89 ",q6OqrUJ3CHg,
2,Ginny,Keling,gkeling1@moonfruit.com,7 Melody Hill,PT15 0236 0669 0274 0332 5553 4,"$50,384.39 ",i4W8y3pYp6Fr,
3,Samson,Woltering,swoltering2@microsoft.com,1495 Dennis Road,BR33 0956 4994 1879 0248 9339 759B A,"$44,620.31 ",2mvtT7BP349,
4,Donny,Epgrave,depgrave3@businessinsider.com,874 4th Crossing,BR35 5261 6267 7942 9541 4220 486J Z,"$71,829.64 ",0KO8H3Laq,
5,Marje,Haszard,mhaszard4@ucoz.com,303 Oakridge Street,SA53 44SE WUQS X86V CXR3 E2OX,"$24,928.60 ",bbvaYb,
6,Austin,Storre,astorre5@bbc.co.uk,0001 Service Alley,ES69 1139 5366 0072 1079 5061,"$8,105.24 ",v3Iw4dLp,
7,Bibbie,Forryan,bforryan6@princeton.edu,4472 Londonderry Avenue,SM19 F994 3845 055E JIAW LNNP C3M,"$67,040.42 ",ikKHbTX69ewm,
8,Trescha,Bromley,tbromley7@intel.com,0 Debra Trail,AZ56 MBCJ ONM9 OZCH TGHG OVV2 OUVE,"$8,481.36 ",2AmjvKk,
9,Gabrielle,Rosi,grosi8@wired.com,592 Duke Point,VG62 LYRU 6057 3626 6743 0228,"$75,303.36 ",gwAYNrBx,
10,Fernanda,Gozzard,fgozzard9@live.com,19379 Shoshone Place,FR28 3605 7316 07PQ PLAD UMRZ 618,"$54,700.80 ",YT9u8Bd,
11,Kelcy,Decroix,kdecroixa@webeden.co.uk,16 Portage Court,CH43 7747 5YCO DC5E FWFV G,"$28,053.12 ",AhaDXptAKVU,
12,Karly,Edland,kedlandb@icq.com,55 Mccormick Junction,HU44 2385 5124 6126 9311 8829 6287,"$8,074.07 ",lpT212A5eRgM,
13,Herby,Cammis,hcammisc@amazon.de,7998 Mendota Terrace,SK86 7909 3771 4565 7633 7086,"$35,071.73 ",5tjPg4xhGfMA,
14,Fay,Fayter,ffayterd@bloglines.com,075 Independence Street,TR18 1810 7ZHS VOBJ WB2Q CXSN WB,"$29,792.20 ",du9Zha,
15,Emmit,Tilmouth,etilmouthe@google.co.uk,8 Jenifer Way,CY98 5405 5609 IYON YHUQ M5EJ ICAR,"$94,121.18 ",u0YStSG,
16,Cassandre,McGeachey,cmcgeacheyf@pen.io,88 Morrow Lane,IL79 8201 5937 6762 0639 530,"$40,143.31 ",LhaA0e,
17,Kimberley,Verrall,kverrallg@yahoo.com,01 Debs Drive,FR83 6677 9375 89DL JAZF TKO3 Q62,"$16,759.95 ",rNfryi7,
18,Mallissa,Balfour,mbalfourh@google.fr,6003 Eagle Crest Place,MU42 FYPF 8729 6611 1758 6364 000A HU,"$61,027.51 ",zJfo5sLYpITg,
19,Guido,Yokel,gyokeli@ow.ly,681 Towne Lane,GL50 9186 9066 0102 45,"$19,816.57 ",gz5WocYe3,
20,Preston,Enrique,penriquej@ihg.com,234 Dryden Trail,BG47 PFJD 7069 37UZ SPIN UL,"$81,988.48 ",znVQFG,
21,Gwenore,Scud,gscudk@ycombinator.com,3 Almo Junction,SK55 5025 3149 3749 1715 7498,"$39,138.40 ",dTEF1fm,
22,Marni,Edwin,medwinl@nydailynews.com,788 Dottie Alley,FR08 2555 3172 45ZD E1HW BBSP F55,"$83,214.01 ",VHFCViGHktv,
23,Wildon,Zellick,wzellickm@admin.ch,2 Beilfuss Crossing,LI86 5550 93IT 7YZ1 UP6A X,"$53,817.02 ",CPBJCA,
24,Emory,McNamee,emcnameen@noaa.gov,8688 Laurel Place,BA57 9701 1192 1419 0593,"$25,094.27 ",nrr902GPRi,
25,Dario,McClary,dmcclaryo@usnews.com,85 Moland Place,GE33 JC08 9722 2963 5788 19,"$57,377.21 ",MbK7RVn6aA,
26,Crystal,Melchior,cmelchiorp@sun.com,6 Sugar Point,AL33 0912 7407 606W OBLI 0SLK C7BO,"$35,910.36 ",LcNfbEA,
27,Roselin,Paddingdon,rpaddingdonq@cmu.edu,76285 School Park,IT23 W811 5148 5583 MDUR HHRM MVL,"$5,183.76 ",MjI8Nrq9NnN,
28,Abby,Le Page,alepager@europa.eu,86 Eastlawn Crossing,LB92 9093 DUM4 409H LA44 KQKO 9GX9,"$70,773.46 ",QKe7w8Rw,
29,Cosimo,Bolte,cboltes@nifty.com,4 Sachtjen Point,CZ18 1230 9179 1796 0954 5376,"$72,102.42 ",4LCuxnPCxd3,
30,Alanna,De Carlo,adecarlot@epa.gov,571 Warrior Crossing,FO36 1118 9202 5275 78,"$30,842.45 ",6gFJxgsdw,
31,Adolphus,Frankish,afrankishu@google.com.br,3811 Westport Lane,CZ63 2944 0751 5026 1331 7824,"$87,117.86 ",9QSOdC7C,
32,Goraud,Stimson,gstimsonv@google.com,6 Merrick Point,FO86 3985 7926 0087 85,"$11,368.27 ",FaosUwhMbc,
33,Fannie,Ivanyukov,fivanyukovw@apache.org,49742 Lotheville Terrace,SI47 4755 0534 5972 308,"$11,125.64 ",BDUhPRaXQCn1,
34,Rodge,Southcomb,rsouthcombx@usgs.gov,79 Northland Lane,MT75 KJNX 1316 88OP W07A 7OQE SDQN STZ,"$3,894.16 ",GUTkBA75u,
35,Dayna,Frier,dfriery@squidoo.com,33963 Parkside Hill,HU81 9525 8873 7932 5599 2352 5628,"$74,094.24 ",dYpr8F35e,
36,Phip,Douberday,pdouberdayz@histats.com,09357 Meadow Vale Drive,SI24 8789 0883 4299 047,"$50,844.37 ",T8sFTH,
37,Adrian,Boeter,aboeter10@howstuffworks.com,07 Basil Trail,IT93 Z524 0777 4708 MDWY LH7T CGA,"$22,732.89 ",rR3vDzE7lhb,
38,Kassi,Chitson,kchitson11@umich.edu,1548 Steensland Place,MU49 HXAB 8102 7146 7323 7094 318R SD,"$93,082.66 ",QS7vCnr,
39,Karlan,Dowber,kdowber12@yellowbook.com,14295 Randy Terrace,FR63 6148 5885 92GS ECBX SG2B C88,"$5,986.13 ",Nr3ZBqfKF8S,
40,Gladys,Cafferky,gcafferky13@w3.org,4 Bunting Parkway,LV35 UFWI TSBD 3CHU QEH4 L,"$55,208.63 ",iJ8lWJml,
41,Hali,Deinhardt,hdeinhardt14@so-net.ne.jp,185 Mockingbird Parkway,CY33 1515 0644 3CVY FONJ FJOB KW5R,"$44,195.57 ",zDir9iEyN,
42,Essie,Gaywood,egaywood15@godaddy.com,84734 Duke Terrace,GR64 8672 431Q IHYI 0JLR WPJS 66E,"$72,503.48 ",56vRlrlU,
43,Faunie,Sowter,fsowter16@scientificamerican.com,67806 Mallory Park,FR63 7543 2269 79S0 M16Z ECG6 G13,"$40,703.13 ",1RNaROus,
44,Ad,Moysey,amoysey17@businessinsider.com,775 Acker Terrace,HR45 1815 7962 4439 3339 5,"$57,315.07 ",3dQiMbn,
45,Kaspar,Prover,kprover18@yellowpages.com,7 Walton Avenue,FR15 6781 5448 25JW ZDFT LUON B39,"$20,417.19 ",2askHhRoQ,
46,Bartlet,Middlewick,bmiddlewick19@bigcartel.com,613 Starling Street,MD74 TKZM Y8SE HEGV 8IM1 8KMZ,"$72,017.69 ",UzZ1X16,
47,Colet,Screen,cscreen1a@aboutads.info,17 Express Avenue,BR08 9805 0884 5474 7986 8069 839E N,"$85,893.27 ",qjRFhrjv4h,
48,Waylon,Garr,wgarr1b@bbb.org,7093 Nova Circle,HR96 2011 1737 5721 5596 7,"$38,528.34 ",6ZzB81,
49,Nollie,Archdeacon,narchdeacon1c@posterous.com,29278 Almo Hill,RO56 PTVA BJJA EKSJ E3CN XKN5,"$27,192.49 ",Z9r0SVkH,
50,Rois,Philipp,rphilipp1d@irs.gov,7836 Lerdahl Plaza,CY31 8945 0957 RXNE OH64 BKMO PX09,"$55,399.83 ",5a6duuNa,
51,Gratia,Ellcome,gellcome1e@forbes.com,23 Delaware Plaza,KZ47 378U Q5X2 A46N 2W59,"$81,425.59 ",k8aCGyVlAITP,
52,Di,Dalziell,ddalziell1f@github.io,9 Kedzie Drive,FR56 2192 6852 09QX SQGC 94LE N23,"$32,114.63 ",Ayv6tlFKFcji,
53,Nicolai,Ducastel,nducastel1g@reuters.com,4607 Iowa Avenue,TN20 0402 9456 1189 8871 8352,"$3,939.66 ",l1FmwxWji952,
54,Vidovic,Lathom,vlathom1h@go.com,9 Eagan Terrace,LT85 4931 3372 5407 4071,"$48,460.66 ",knKafwRjBf,
55,Ingeberg,Syrett,isyrett1i@tumblr.com,9615 Dexter Park,MU83 USBD 4961 1625 4772 3132 597P UJ,"$65,116.67 ",5quPtipQo,
56,Daria,Ricoald,dricoald1j@mlb.com,64932 Forster Hill,IE09 SJED 3952 1895 3948 15,"$79,949.54 ",kNDUrHnWrs,
57,Wenona,Faraker,wfaraker1k@oaic.gov.au,6 Goodland Pass,DO60 3BCC 4675 2135 4922 8869 3658,"$88,626.63 ",JsPwHuqWA,
58,Deck,Gulleford,dgulleford1l@marketwatch.com,3645 Tennyson Crossing,IL46 2031 6331 6647 0816 389,"$49,446.12 ",jKfjaYV,
59,Kissiah,Pamphilon,kpamphilon1m@nasa.gov,1 Mitchell Place,IL25 9948 1819 1438 4945 671,"$14,698.34 ",gf52TA,
60,Darbie,Ebenezer,debenezer1n@tuttocitta.it,394 Russell Plaza,FR51 5925 8809 108D PWNC NWNI N22,"$48,037.47 ",S0zFeA,
61,Natka,Brislane,nbrislane1o@themeforest.net,76 Kinsman Plaza,GL20 6207 5069 6259 03,"$63,655.51 ",kYfPilkLfY,
62,Fionnula,Mugridge,fmugridge1p@prlog.org,074 Dexter Circle,CY53 4690 9627 VNH3 N63B RXSE SIFT,"$45,355.35 ",MsiaJD,
63,Judah,Shooter,jshooter1q@friendfeed.com,93 Jay Road,NL03 FNLM 7005 8616 11,"$46,236.09 ",bGd1qz3k3,
64,Fanechka,Odgers,fodgers1r@behance.net,038 Dryden Junction,DO53 GION 3445 0236 5559 6083 7439,"$84,936.58 ",C7w1TH4zibL,
65,Cristie,McKissack,cmckissack1s@creativecommons.org,22 Westport Park,FR41 2912 3291 41SO URTQ A1RI 443,"$73,742.73 ",vFLh2YB,
66,Fayre,Mayne,fmayne1t@usa.gov,63 Muir Park,RS24 8663 0369 4255 8358 37,"$35,825.46 ",XpJfvxQ41kfI,
67,Clayton,Konke,ckonke1u@lulu.com,35631 Bunker Hill Crossing,FR63 8358 0348 84BQ N70L W5AX L61,"$50,986.43 ",PO5ZU96R,
68,Timothea,Synnott,tsynnott1v@google.com,1 Harbort Way,MD62 OD9I U8HK ROKF NL9N FKJK,"$46,092.89 ",Zsw8kHDa,
69,Jacinta,Dubose,jdubose1w@arstechnica.com,678 Michigan Pass,BH06 BNEN DJYU GKLZ 6WAD HT,"$85,841.31 ",hcriBEDU,
70,Cherise,Kettlewell,ckettlewell1x@rakuten.co.jp,60278 Independence Drive,HU77 7723 8652 9886 1317 9016 4300,"$55,570.05 ",i2OFPkSKlK,
71,Marylin,Breeds,mbreeds1y@latimes.com,52 Bluejay Pass,FR53 6359 0944 94II 5A5I C4GV O09,"$19,895.31 ",F3a25x,
72,Philippe,Sertin,psertin1z@myspace.com,0047 Boyd Hill,FI19 5338 8422 7076 93,"$15,221.47 ",xs7ehoDl,
73,Sherry,Cupitt,scupitt20@tmall.com,56 Bowman Park,NL90 BJYS 9503 3085 70,"$50,391.34 ",qXiYzYEGZMd,
74,Phillie,Mullord,pmullord21@ask.com,302 Burrows Avenue,FR29 6286 3217 71XK UIDE HVYQ P32,"$34,541.74 ",BpRHoN,
75,Hallsy,Gilliard,hgilliard22@whitehouse.gov,17833 Washington Avenue,SE53 5460 6960 4981 7985 4753,"$98,816.38 ",W810wsHN3,
76,Cicily,Pieper,cpieper23@php.net,91 Westport Drive,LU25 0969 JAJK RX4X DE1L,"$97,072.05 ",LguF8YtJEq,
77,Kalli,Blything,kblything24@hatena.ne.jp,126 Quincy Parkway,FI98 1985 1723 9215 58,"$38,318.44 ",IibEo7juXL,
78,Nickey,Reeman,nreeman25@ucoz.ru,7299 Moulton Terrace,GB60 QXOM 5744 7772 9121 93,"$64,537.85 ",KT5gMOgLMKum,
79,Pierre,Lawes,plawes26@shop-pro.jp,6518 Anderson Drive,AL80 4831 8230 ZBDS FGXB E3PP FDTM,"$18,182.44 ",6ooJGyWgW88,
80,Dag,McCreath,dmccreath27@nsw.gov.au,9 Melody Place,AD25 4395 9133 48HL 1K4A DB4R,"$93,978.48 ",YmQYRUufu,
81,Candra,Duncan,cduncan28@toplist.cz,0314 Bultman Trail,AE91 4918 2914 6720 3337 663,"$91,699.52 ",T57rwu,
82,Licha,Siverns,lsiverns29@spiegel.de,5 Fisk Drive,FR71 5586 3768 45FA 9LJC 2QQJ E81,"$8,531.33 ",DPPg1F8ezlY,
83,Thalia,Scrymgeour,tscrymgeour2a@answers.com,096 Mcbride Road,BA19 7207 6537 2008 8607,"$92,242.60 ",HuVZQwKXt,
84,Hillery,Rackam,hrackam2b@wired.com,35644 Kings Parkway,GI05 OCLE PCG6 N1HA SSPT FVG,"$35,924.57 ",P5gwJaacP,
85,Woodie,Rodge,wrodge2c@amazonaws.com,18547 Marcy Trail,FR77 0979 4274 70LY IY9H LAJO 864,"$77,010.47 ",EhSYQx,
86,Mireielle,Cicchitello,mcicchitello2d@nba.com,0455 3rd Street,DE84 2704 5227 5192 5138 10,"$72,536.72 ",7z6MIXx,
87,Kevon,Marjoribanks,kmarjoribanks2e@who.int,8 Moulton Alley,BH90 IFBK RGBC NMEX KHML 7K,"$88,053.18 ",mOir8P,
88,Faustina,Gannaway,fgannaway2f@geocities.jp,51 Bay Junction,CR42 9751 8962 6253 6357 0,"$9,150.08 ",NwEzX2,
89,Renell,Aldcorn,raldcorn2g@51.la,7 Eagan Terrace,AD85 7530 0306 MITT OEHF O4AN,"$42,539.57 ",Ou9uexUaL,
90,Inness,Fewings,ifewings2h@kickstarter.com,56865 Sutherland Point,IT64 A735 0002 118O JXW0 V2Z4 YUU,"$18,931.82 ",PutBPv0Q6fav,
91,Carol,Pusey,cpusey2i@dagondesign.com,3 Elgar Parkway,TR80 2313 2VIY 2LN5 RZ4R NIGA QP,"$60,811.74 ",cuxNfkTz0,
92,Ahmad,Kisby,akisby2j@discovery.com,35 School Road,CH90 8632 4GZC S5J3 3WAW G,"$45,925.18 ",1i4s58o1Okf,
93,Scarlet,Perell,sperell2k@photobucket.com,2 Ludington Junction,MC76 7987 0488 04SH O3YH PGJQ G21,"$55,036.81 ",HUxCqJcDrx,
94,Mohandis,Mumbeson,mmumbeson2l@fotki.com,904 Declaration Road,MD62 4LBQ WYPK PTRC WZTH JOU5,"$38,668.35 ",CA2lc04rw,
95,Roldan,Caverhill,rcaverhill2m@ibm.com,533 Vahlen Parkway,SE66 4964 6048 2333 4784 0479,"$73,098.30 ",lcNSGZKB6,
96,Osborn,Strattan,ostrattan2n@nature.com,1 Sutherland Street,FR57 5897 0657 21ZA DS5R CKKS S56,"$30,635.15 ",kpMPUHhlw3,
97,Raynard,De la Eglise,rdelaeglise2o@fc2.com,488 Crownhardt Road,AE20 8319 7585 0943 2056 868,"$31,681.53 ",fv9WYCC,
98,Chiquita,Hollingby,chollingby2p@umich.edu,6271 Prairie Rose Point,HR77 9125 4714 4251 4208 2,"$81,197.29 ",PiFTAB21,
99,Rey,Djorvic,rdjorvic2q@google.co.jp,7439 Independence Center,MD12 RDKI B8NI TPP1 BNCE NNGN,"$37,657.08 ",58OYzkK,
100,Helenka,Kabisch,hkabisch2r@jigsy.com,85 Old Shore Place,HR48 5996 5740 1758 7251 2,"$9,767.81 ",85nmTCL4x,
